-- phpMyAdmin SQL Dump
-- version 4.9.0.1
-- https://www.phpmyadmin.net/
--
-- Хост: 127.0.0.1:3306
-- Время создания: Окт 29 2024 г., 16:30
-- Версия сервера: 10.3.13-MariaDB-log
-- Версия PHP: 7.1.32

SET SQL_MODE = "NO_AUTO_VALUE_ON_ZERO";
SET AUTOCOMMIT = 0;
START TRANSACTION;
SET time_zone = "+00:00";


/*!40101 SET @OLD_CHARACTER_SET_CLIENT=@@CHARACTER_SET_CLIENT */;
/*!40101 SET @OLD_CHARACTER_SET_RESULTS=@@CHARACTER_SET_RESULTS */;
/*!40101 SET @OLD_COLLATION_CONNECTION=@@COLLATION_CONNECTION */;
/*!40101 SET NAMES utf8mb4 */;

--
-- База данных: `dont_clean_yourself`
--

-- --------------------------------------------------------

--
-- Структура таблицы `about`
--

CREATE TABLE `about` (
  `id` int(11) NOT NULL,
  `title` varchar(25) COLLATE utf8mb4_unicode_ci NOT NULL,
  `description` varchar(200) COLLATE utf8mb4_unicode_ci NOT NULL,
  `image` blob NOT NULL,
  `alt` varchar(20) COLLATE utf8mb4_unicode_ci NOT NULL
) ENGINE=InnoDB DEFAULT CHARSET=utf8mb4 COLLATE=utf8mb4_unicode_ci;

--
-- Дамп данных таблицы `about`
--

INSERT INTO `about` (`id`, `title`, `description`, `image`, `alt`) VALUES
(1, 'Метаклининг', 'Представляем огромное количество услуг: клининг, генеральная и послестроительная уборки, химическая чистка ковров и мебели, а также <span class=\"text-accent\">персональные</span> услуги', 0x3c7376672077696474683d2234353122206865696768743d22343530222076696577426f783d223020302034353120343530222066696c6c3d226e6f6e652220786d6c6e733d22687474703a2f2f7777772e77332e6f72672f323030302f737667223e0a3c6720636c69702d706174683d2275726c2823636c6970305f31335f343329223e0a3c7061746820643d224d3432302e31393420322e3032313438433431382e34333620322e3732343631203431352e36323420342e3034323937203431342e30343220352e3039373636433431322e33373220362e3135323334203336382e3136332034392e39323139203331352e363932203130322e3339334c3232302e333331203139372e3735344c3233362e383534203231342e3138394c3235332e3239203233302e3731334c3334392e3533203133342e343733433431392e3430332036342e36383735203434362e3239382033372e31373737203434372e3730342033342e33363532433435342e3733352031392e38363333203434342e36323820322e3337333035203432382e34353620312e3233303437433432352e333820302e393636373937203432322e303420312e3331383336203432302e31393420322e30323134385a222066696c6c3d2223463146324633222f3e0a3c7061746820643d224d3232382e3539332032342e383733433232362e3339362032362e353433203232352e3136352032392e35333132203232352e3136352033332e33313035433232352e3136352033372e36313732203232322e3631362034342e36343834203231392e3336342034392e33303636433231342e3730362035352e39383633203230382e3230322035392e32333833203139352e3031392036312e303834433139302e3838382036312e36393932203138382e3235312036342e35313137203138382e3235312036382e323931433138382e3235312037322e39343932203139312e3135312037352e32333434203139382e3039352037352e39333735433230392e3038312037372e313638203231382e3537332038332e36373139203232322e3631362039322e38313235433232332e3538332039342e383334203232342e3633382039392e34303433203232352e303737203130322e3932433232362e303434203131302e343739203232372e3839203131322e383532203233322e373234203131322e383532433233372e333832203131322e383532203233392e363637203130392e383633203234302e3337203130322e383332433234312e3935322038372e38393036203235322e3332332037372e35313935203236372e3137372037362e30323534433237352e3532362037352e31343635203237382e3836362037312e36333039203237362e3933332036352e393138433237352e37392036322e363636203237322e3138372036302e36343435203236372e34342036302e36343435433235392e3335342036302e36343435203234372e3537372035332e34333735203234332e3838362034362e31343236433234312e3935322034322e34353132203234302e3130362033352e333332203234302e3130362033312e33373639433234302e3130362032362e39383234203233362e3934322032332e37333035203233322e3839392032332e37333035433233312e3331372032332e37333035203232392e3338342032342e32353738203232382e3539332032342e3837335a222066696c6c3d2223463146324633222f3e0a3c7061746820643d224d3132302e333939203132382e3439364c3132302e313336203133352e3739314c3131322e343031203133362e3035354c3130342e363637203133362e3331384c3130342e393331203134332e3532354c3130352e313934203135302e3733324c3131322e393239203135302e3939364c3132302e353735203135312e3236563135382e3733563136362e3230314c3132372e3837203136352e3933384c3133352e303737203136352e3637344c3133352e333431203135382e3436374c3133352e363034203135312e32364c3134322e383132203135302e3939364c3135302e303139203135302e3733324c3135302e323832203134332e3433384c3135302e353436203133362e3233483134322e393837483133352e353137563132382e3736563132312e323839483132382e303436483132302e3636334c3132302e333939203132382e3439365a222066696c6c3d2223463146324633222f3e0a3c7061746820643d224d3337352e343538203137332e353834563138312e303535483336372e393837483336302e353137563138382e353235563139352e393936483336372e393837483337352e343538563230332e343637563231302e393338483338322e393239483339302e333939563230332e343637563139352e393936483339372e3837483430352e333431563138382e353235563138312e303535483339372e3837483339302e333939563137332e353834563136362e313133483338322e393239483337352e343538563137332e3538345a222066696c6c3d2223463146324633222f3e0a3c7061746820643d224d3138342e3132203139372e373534433137322e343331203230302e313237203136342e343333203231322e363037203136372e313537203232342e313231433136372e373732203232362e343934203136392e333534203233302e313836203137302e363733203233322e323037433137322e303739203233342e333136203138332e323431203234352e393138203139352e343538203235382e313335433231312e333636203237332e383637203231382e393235203238302e383131203232312e363439203238322e303431433232362e333935203238342e323338203233352e323732203238342e353032203233392e363637203238322e363536433235312e393732203237372e343731203235372e333333203236322e393639203235312e313831203235312e363331433234372e363635203234352e313237203230342e303731203230312e393733203139382e373938203139392e36433139332e373838203139372e3439203138382e373738203139362e373837203138342e3132203139372e3735345a222066696c6c3d2223463146324633222f3e0a3c7061746820643d224d3133372e313837203233352e363335433132302e363633203233372e323137203130322e3437203234352e3437392038372e36313632203235382e3232334333382e33303936203330302e34393820332e3835363434203333302e34363920322e3533383038203333322e333134432d302e323734343234203333362e313832202d302e333632333134203334312e38303720322e3138363531203334392e393843342e3931313132203335382e37372031342e38343238203337362e3334382032322e37353239203338362e3731394332322e39323837203338362e3839352033352e32333334203337342e3934312035302e30383639203336302e3038384c37372e30363933203333332e3130354c38322e33343238203333382e3337394c38372e36313632203334332e3635324c36302e30313835203337312e32354c33322e34323039203339382e3834384c33342e32363636203430312e3330394333352e32333334203430322e3731352033392e34353231203430372e3139372034332e353833203431312e3332384c35312e31343136203431382e3739394c39302e32353239203337392e3638384c3132392e333634203334302e3537364c3133342e363338203334352e38354c3133392e393131203335312e3132334c3130312e353033203338392e3631394337392e373036203431312e3332382036332e33353834203432382e3337392036332e38383537203432382e3733314337342e38373231203433362e3732392039302e393536203434352e3935372039382e37373833203434382e3737433130332e303835203435302e323634203131342e333335203435302e343339203131372e343939203434382e393435433131382e373239203434382e343138203133332e343037203433312e383935203135302e313934203431322e323935433136372e303639203339322e363935203138342e323038203337322e373434203138382e353135203336372e393938433139372e363535203335372e353339203230322e393239203334392e383035203230372e353837203333392e393631433231332e323132203332372e383332203231342e3937203332302e333631203231342e3937203330372e3137384c3231352e303538203239352e38344c3231312e313033203239332e323033433230322e393239203238372e383432203135372e343839203234312e353233203135352e353536203233362e363032433135352e313136203233352e333731203134352e343438203233342e383434203133372e313837203233352e3633355a222066696c6c3d2223463146324633222f3e0a3c7061746820643d224d3333322e383331203238302e353437433333302e393835203238322e323137203333302e343538203238332e373939203332392e373535203238392e333336433332372e393039203330342e363239203331382e383536203331332e363832203330332e353633203331352e353237433239382e303236203331362e3233203239362e343434203331362e373538203239342e383632203331382e363034433239312e363938203332322e323037203239322e343839203332372e3438203239362e353332203332392e363738433239372e343939203333302e323035203330312e313033203333302e393936203330342e333535203333312e343336433331382e353035203333332e313933203332372e393039203334322e353938203332392e363637203335362e373438433333302e31303620333630203333302e383937203336332e363034203333312e343235203336342e3537433333332e363232203336382e363133203333382e383936203336392e343034203334322e343939203336362e3234433334342e333435203336342e363538203334342e383732203336332e303736203334352e353735203335372e353339433334372e343231203334322e323436203335362e343734203333332e313933203337312e373637203333312e333438433337372e333034203333302e363435203337382e383836203333302e313137203338302e353536203332382e323732433338312e3631203332362e393533203338322e343839203332342e383434203338322e343839203332332e343338433338322e343839203332322e303331203338312e3631203331392e393232203338302e353536203331382e363034433337382e383836203331362e373538203337372e333034203331362e3233203337312e373637203331352e353237433335362e343734203331332e363832203334372e343231203330342e363239203334352e353735203238392e333336433334342e383732203238332e373939203334342e333435203238322e323137203334322e343939203238302e353437433334312e313831203237392e343932203333392e303731203237382e363133203333372e363635203237382e363133433333362e323539203237382e363133203333342e313439203237392e343932203333322e383331203238302e3534375a222066696c6c3d2223463146324633222f3e0a3c2f673e0a3c646566733e0a3c636c6970506174682069643d22636c6970305f31335f3433223e0a3c726563742077696474683d2234353022206865696768743d22343530222066696c6c3d22776869746522207472616e73666f726d3d227472616e736c61746528302e31363530333929222f3e0a3c2f636c6970506174683e0a3c2f646566733e0a3c2f7376673e0a, 'decorative-img-2'),
(2, 'Человек-клининг', 'Отдаём в пользование не людей, а <span class=\"text-accent\">профессионалов</span> с опытом, трудолюбием и умением работать с клиентом', 0x3c7376672077696474683d2233393522206865696768743d22343530222076696577426f783d223020302033393520343530222066696c6c3d226e6f6e652220786d6c6e733d22687474703a2f2f7777772e77332e6f72672f323030302f737667223e0a3c6720636c69702d706174683d2275726c2823636c6970305f31335f31373729223e0a3c7061746820643d224d3139372e31363520323235433232372e30303220323235203235352e363137203231332e313437203237362e373135203139322e3035433239372e383132203137302e393532203330392e363635203134322e333337203330392e363635203131322e35433330392e3636352038322e36363331203239372e3831322035342e30343833203237362e3731352033322e39353035433235352e3631372031312e38353236203232372e3030322030203139372e3136352030433136372e3332382030203133382e3731332031312e38353236203131372e3631362033322e393530354339362e353137372035342e303438332038342e3636352038322e363633312038342e363635203131322e354338342e363635203134322e3333372039362e35313737203137302e393532203131372e363136203139322e3035433133382e373133203231332e313437203136372e33323820323235203139372e313635203232355a4d3135362e393939203236372e3138384337302e34323638203236372e31383820302e323930303339203333372e33323420302e323930303339203432332e38393643302e323930303339203433382e3331312031312e39373935203435302032362e3339333620343530483336372e393337433338322e33353120343530203339342e3034203433382e333131203339342e3034203432332e383936433339342e3034203333372e333234203332332e393033203236372e313838203233372e333331203236372e313838483135362e3939395a222066696c6c3d2223463146324633222f3e0a3c2f673e0a3c646566733e0a3c636c6970506174682069643d22636c6970305f31335f313737223e0a3c726563742077696474683d223339332e373522206865696768743d22343530222066696c6c3d22776869746522207472616e73666f726d3d227472616e736c61746528302e32393030333929222f3e0a3c2f636c6970506174683e0a3c2f646566733e0a3c2f7376673e0a, 'decorative-img-3'),
(3, 'Иноклининг', 'Отвечаем стандартам времени: экологичность, инновационность, <span class=\"text-accent\">чистота</span>', 0x3c7376672077696474683d2234353122206865696768743d22343530222076696577426f783d223020302034353120343530222066696c6c3d226e6f6e652220786d6c6e733d22687474703a2f2f7777772e77332e6f72672f323030302f737667223e0a3c6720636c69702d706174683d2275726c2823636c6970305f31335f31363729223e0a3c7061746820643d224d32382e32392032382e3132354331322e373333342032382e31323520302e3136353033392034302e3639333420302e3136353033392035362e323543302e3136353033392037312e383036362031322e373333342038342e3337352032382e32392038342e333735563333372e354332382e3239203338342e3038322036362e303833203432312e383735203131322e363635203432312e383735433133372e383032203432312e383735203136302e333032203431302e383839203137352e373731203339332e343836433137352e383538203338312e303036203138302e363932203336382e363133203139302e313835203335392e313231433139302e3336203335382e393435203139302e323732203335382e353934203139302e303039203335382e353934433136322e383531203335382e353934203134302e3739203333362e353333203134302e3739203330392e333735433134302e3739203238322e323137203136322e383531203236302e313536203139302e303039203236302e313536433139302e323732203236302e313536203139302e3336203235392e383035203139302e313835203235392e363239433137302e393337203234302e333831203137302e393337203230392e323638203139302e313835203139302e3032433139322e323934203138372e3931203139342e353739203138352e393737203139372e3034203138342e3330375638342e333735433231322e3539372038342e333735203232352e3136352037312e38303636203232352e3136352035362e3235433232352e3136352034302e36393334203231322e3539372032382e313235203139372e30342032382e313235483134302e37394838342e35344832382e32395a4d38342e3534203136382e37355638342e333735483134302e3739563136382e37354838342e35345a4d3139302e303039203333302e343639433231352e333231203333302e343639203232372e393738203336312e303535203231302e313336203337382e393834433230312e383734203338372e323436203230312e383734203430302e363035203231302e313336203430382e373739433231382e333937203431362e393533203233312e373537203431372e303431203233392e393331203430382e373739433235372e3836203339302e3835203238382e343436203430332e353934203238382e343436203432382e393036433238382e343436203434302e353936203239372e38353120343530203330392e353420343530433332312e32323920343530203333302e363334203434302e353936203333302e363334203432382e393036433333302e363334203430332e353934203336312e3232203339302e393338203337392e313439203430382e373739433338372e343131203431372e303431203430302e373731203431372e303431203430382e393434203430382e373739433431372e313138203430302e353138203431372e323036203338372e313538203430382e393434203337382e393834433339312e313033203336312e303535203430332e373539203333302e343639203432392e303731203333302e343639433434302e373631203333302e343639203435302e313635203332312e303634203435302e313635203330392e333735433435302e313635203239372e363836203434302e373631203238382e323831203432392e303731203238382e323831433430332e373539203238382e323831203339312e313033203235372e363935203430382e393434203233392e373636433431372e323036203233312e353034203431372e323036203231382e313435203430382e393434203230392e393731433430302e363833203230312e373937203338372e333233203230312e373039203337392e313439203230392e393731433336312e3232203232372e383132203333302e363334203231352e313536203333302e363334203138392e383434433333302e363334203137382e313534203332312e323239203136382e3735203330392e3534203136382e3735433239372e383531203136382e3735203238382e343436203137382e313534203238382e343436203138392e383434433238382e343436203231352e313536203235372e3836203232372e383132203233392e393331203230392e393731433233312e363639203230312e373039203231382e3331203230312e373039203231302e313336203230392e393731433230312e393632203231382e323332203230312e383734203233312e353932203231302e313336203233392e373636433232382e303635203235372e363935203231352e333231203238382e323831203139302e303039203238382e323831433137382e333139203238382e323831203136382e393135203239372e363836203136382e393135203330392e333735433136382e393135203332312e303634203137382e333139203333302e343639203139302e303039203333302e3436395a4d3238312e343135203235332e313235433238382e383734203235332e313235203239362e303238203235362e303838203330312e333032203236312e333633433330362e353737203236362e363337203330392e3534203237332e373931203330392e3534203238312e3235433330392e3534203238382e373039203330362e353737203239352e383633203330312e333032203330312e313337433239362e303238203330362e343132203238382e383734203330392e333735203238312e343135203330392e333735433237332e393536203330392e333735203236362e383032203330362e343132203236312e353238203330312e313337433235362e323533203239352e383633203235332e3239203238382e373039203235332e3239203238312e3235433235332e3239203237332e373931203235362e323533203236362e363337203236312e353238203236312e333633433236362e383032203235362e303838203237332e393536203235332e313235203238312e343135203235332e3132355a4d3331362e353731203333372e35433331362e353731203333312e393036203331382e373934203332362e3534203332322e3735203332322e353834433332362e373035203331382e363239203333322e303731203331362e343036203333372e363635203331362e343036433334332e323539203331362e343036203334382e363235203331382e363239203335322e353831203332322e353834433335362e353336203332362e3534203335382e373539203333312e393036203335382e373539203333372e35433335382e373539203334332e303934203335362e353336203334382e3436203335322e353831203335322e343136433334382e363235203335362e333731203334332e323539203335382e353934203333372e363635203335382e353934433333322e303731203335382e353934203332362e373035203335362e333731203332322e3735203335322e343136433331382e373934203334382e3436203331362e353731203334332e303934203331362e353731203333372e355a222066696c6c3d2223463146324633222f3e0a3c2f673e0a3c646566733e0a3c636c6970506174682069643d22636c6970305f31335f313637223e0a3c726563742077696474683d2234353022206865696768743d22343530222066696c6c3d22776869746522207472616e73666f726d3d227472616e736c61746528302e31363530333929222f3e0a3c2f636c6970506174683e0a3c2f646566733e0a3c2f7376673e0a, 'decorative-img-4');

-- --------------------------------------------------------

--
-- Структура таблицы `avatars`
--

CREATE TABLE `avatars` (
  `id` int(11) NOT NULL,
  `name` varchar(25) COLLATE utf8mb4_unicode_ci NOT NULL,
  `inf` varchar(200) COLLATE utf8mb4_unicode_ci NOT NULL,
  `imageSrc` varchar(25) COLLATE utf8mb4_unicode_ci NOT NULL
) ENGINE=InnoDB DEFAULT CHARSET=utf8mb4 COLLATE=utf8mb4_unicode_ci;

--
-- Дамп данных таблицы `avatars`
--

INSERT INTO `avatars` (`id`, `name`, `inf`, `imageSrc`) VALUES
(1, 'Никита', 'Администратор по работе с клиентами', './src/img/person-1.png'),
(2, 'Ника', 'Администратор обслуживающего персонала', './src/img/person-2.png'),
(3, 'Хюнинкай', 'Менеджер по влажной уборке', './src/img/person-3.png'),
(4, 'Александр', 'Менеджер по химической очистке', './src/img/person-4.png'),
(5, 'Анастасия', 'Менеджер по персональным заказам', './src/img/person-5.png'),
(6, 'Алёна', 'Менеджер среднего звена', './src/img/person-6.png');

-- --------------------------------------------------------

--
-- Структура таблицы `employee`
--

CREATE TABLE `employee` (
  `employeesId` int(11) NOT NULL,
  `employee` varchar(25) COLLATE utf8mb4_unicode_ci NOT NULL
) ENGINE=InnoDB DEFAULT CHARSET=utf8mb4 COLLATE=utf8mb4_unicode_ci;

--
-- Дамп данных таблицы `employee`
--

INSERT INTO `employee` (`employeesId`, `employee`) VALUES
(1, 'admin');

-- --------------------------------------------------------

--
-- Структура таблицы `employees`
--

CREATE TABLE `employees` (
  `employeesId` int(11) NOT NULL,
  `id` int(11) NOT NULL
) ENGINE=InnoDB DEFAULT CHARSET=utf8mb4 COLLATE=utf8mb4_unicode_ci;

--
-- Дамп данных таблицы `employees`
--

INSERT INTO `employees` (`employeesId`, `id`) VALUES
(1, 1);

-- --------------------------------------------------------

--
-- Структура таблицы `otherwork`
--

CREATE TABLE `otherwork` (
  `otherWorkId` int(11) NOT NULL,
  `requestId` int(11) NOT NULL,
  `otherWorking` varchar(100) COLLATE utf8mb4_unicode_ci NOT NULL
) ENGINE=InnoDB DEFAULT CHARSET=utf8mb4 COLLATE=utf8mb4_unicode_ci;

--
-- Дамп данных таблицы `otherwork`
--

INSERT INTO `otherwork` (`otherWorkId`, `requestId`, `otherWorking`) VALUES
(5, 22, 'Построить дом'),
(6, 23, 'Химическая обработка');

-- --------------------------------------------------------

--
-- Структура таблицы `pay`
--

CREATE TABLE `pay` (
  `payId` int(11) NOT NULL,
  `paying` varchar(25) COLLATE utf8mb4_unicode_ci NOT NULL
) ENGINE=InnoDB DEFAULT CHARSET=utf8mb4 COLLATE=utf8mb4_unicode_ci;

--
-- Дамп данных таблицы `pay`
--

INSERT INTO `pay` (`payId`, `paying`) VALUES
(1, 'Наличные'),
(2, 'Банковская карта');

-- --------------------------------------------------------

--
-- Структура таблицы `request`
--

CREATE TABLE `request` (
  `requestId` int(11) NOT NULL,
  `id` int(11) NOT NULL,
  `address` varchar(200) COLLATE utf8mb4_unicode_ci NOT NULL,
  `date` date NOT NULL,
  `time` time NOT NULL,
  `workId` int(11) NOT NULL,
  `statusId` int(11) NOT NULL,
  `payId` int(11) NOT NULL
) ENGINE=InnoDB DEFAULT CHARSET=utf8mb4 COLLATE=utf8mb4_unicode_ci;

--
-- Дамп данных таблицы `request`
--

INSERT INTO `request` (`requestId`, `id`, `address`, `date`, `time`, `workId`, `statusId`, `payId`) VALUES
(22, 39, 'БОМЖ', '2024-10-30', '21:03:00', 5, 4, 1),
(23, 39, 'Новый адресс', '2024-11-01', '03:03:00', 5, 2, 1),
(24, 39, 'Жил особняк', '2024-11-02', '03:08:00', 1, 3, 2),
(25, 39, 'Новый дом', '2024-11-06', '06:04:00', 3, 4, 1);

-- --------------------------------------------------------

--
-- Структура таблицы `status`
--

CREATE TABLE `status` (
  `statusId` int(11) NOT NULL,
  `status` varchar(25) COLLATE utf8mb4_unicode_ci NOT NULL
) ENGINE=InnoDB DEFAULT CHARSET=utf8mb4 COLLATE=utf8mb4_unicode_ci;

--
-- Дамп данных таблицы `status`
--

INSERT INTO `status` (`statusId`, `status`) VALUES
(1, 'В ожидании'),
(3, 'Завершено'),
(4, 'Отменено'),
(2, 'Подтвержено');

-- --------------------------------------------------------

--
-- Структура таблицы `users`
--

CREATE TABLE `users` (
  `id` int(11) NOT NULL,
  `login` varchar(50) COLLATE utf8mb4_unicode_ci NOT NULL,
  `password` varchar(25) COLLATE utf8mb4_unicode_ci NOT NULL,
  `tel` varchar(18) COLLATE utf8mb4_unicode_ci NOT NULL,
  `email` varchar(50) COLLATE utf8mb4_unicode_ci NOT NULL
) ENGINE=InnoDB DEFAULT CHARSET=utf8mb4 COLLATE=utf8mb4_unicode_ci;

--
-- Дамп данных таблицы `users`
--

INSERT INTO `users` (`id`, `login`, `password`, `tel`, `email`) VALUES
(1, 'ulanovskijnikita', '15122004', '+7 (912) 227-88-26', 'ulanovskijnikita@gmail.com'),
(39, 'erere', '15122004', '+7 (111) 111-11-11', 'dnkjfkj@jfdj.ff');

-- --------------------------------------------------------

--
-- Структура таблицы `work`
--

CREATE TABLE `work` (
  `workId` int(11) NOT NULL,
  `working` varchar(50) COLLATE utf8mb4_unicode_ci NOT NULL,
  `workPrice` varchar(10) COLLATE utf8mb4_unicode_ci NOT NULL
) ENGINE=InnoDB DEFAULT CHARSET=utf8mb4 COLLATE=utf8mb4_unicode_ci;

--
-- Дамп данных таблицы `work`
--

INSERT INTO `work` (`workId`, `working`, `workPrice`) VALUES
(1, 'Общий клининг', '60$'),
(2, 'Генеральный клининг', '90$'),
(3, 'Послестроительная уборка', '200$'),
(4, 'Химическая чистка ковров и мебели', '100$'),
(5, 'Иная услуга', 'Уточняется');

--
-- Индексы сохранённых таблиц
--

--
-- Индексы таблицы `about`
--
ALTER TABLE `about`
  ADD PRIMARY KEY (`id`);

--
-- Индексы таблицы `avatars`
--
ALTER TABLE `avatars`
  ADD PRIMARY KEY (`id`);

--
-- Индексы таблицы `employee`
--
ALTER TABLE `employee`
  ADD PRIMARY KEY (`employeesId`);

--
-- Индексы таблицы `employees`
--
ALTER TABLE `employees`
  ADD UNIQUE KEY `id` (`id`),
  ADD UNIQUE KEY `employeesId_2` (`employeesId`),
  ADD KEY `employeesId` (`employeesId`);

--
-- Индексы таблицы `otherwork`
--
ALTER TABLE `otherwork`
  ADD PRIMARY KEY (`otherWorkId`),
  ADD KEY `requestId` (`requestId`);

--
-- Индексы таблицы `pay`
--
ALTER TABLE `pay`
  ADD PRIMARY KEY (`payId`);

--
-- Индексы таблицы `request`
--
ALTER TABLE `request`
  ADD PRIMARY KEY (`requestId`),
  ADD KEY `id` (`id`),
  ADD KEY `workId` (`workId`),
  ADD KEY `payId` (`payId`),
  ADD KEY `statusId` (`statusId`);

--
-- Индексы таблицы `status`
--
ALTER TABLE `status`
  ADD PRIMARY KEY (`statusId`),
  ADD UNIQUE KEY `status` (`status`);

--
-- Индексы таблицы `users`
--
ALTER TABLE `users`
  ADD PRIMARY KEY (`id`),
  ADD UNIQUE KEY `email` (`email`),
  ADD UNIQUE KEY `login` (`login`);

--
-- Индексы таблицы `work`
--
ALTER TABLE `work`
  ADD PRIMARY KEY (`workId`);

--
-- AUTO_INCREMENT для сохранённых таблиц
--

--
-- AUTO_INCREMENT для таблицы `about`
--
ALTER TABLE `about`
  MODIFY `id` int(11) NOT NULL AUTO_INCREMENT, AUTO_INCREMENT=4;

--
-- AUTO_INCREMENT для таблицы `avatars`
--
ALTER TABLE `avatars`
  MODIFY `id` int(11) NOT NULL AUTO_INCREMENT, AUTO_INCREMENT=7;

--
-- AUTO_INCREMENT для таблицы `employee`
--
ALTER TABLE `employee`
  MODIFY `employeesId` int(11) NOT NULL AUTO_INCREMENT, AUTO_INCREMENT=2;

--
-- AUTO_INCREMENT для таблицы `otherwork`
--
ALTER TABLE `otherwork`
  MODIFY `otherWorkId` int(11) NOT NULL AUTO_INCREMENT, AUTO_INCREMENT=7;

--
-- AUTO_INCREMENT для таблицы `pay`
--
ALTER TABLE `pay`
  MODIFY `payId` int(11) NOT NULL AUTO_INCREMENT, AUTO_INCREMENT=3;

--
-- AUTO_INCREMENT для таблицы `request`
--
ALTER TABLE `request`
  MODIFY `requestId` int(11) NOT NULL AUTO_INCREMENT, AUTO_INCREMENT=26;

--
-- AUTO_INCREMENT для таблицы `status`
--
ALTER TABLE `status`
  MODIFY `statusId` int(11) NOT NULL AUTO_INCREMENT, AUTO_INCREMENT=5;

--
-- AUTO_INCREMENT для таблицы `users`
--
ALTER TABLE `users`
  MODIFY `id` int(11) NOT NULL AUTO_INCREMENT, AUTO_INCREMENT=42;

--
-- AUTO_INCREMENT для таблицы `work`
--
ALTER TABLE `work`
  MODIFY `workId` int(11) NOT NULL AUTO_INCREMENT, AUTO_INCREMENT=6;

--
-- Ограничения внешнего ключа сохраненных таблиц
--

--
-- Ограничения внешнего ключа таблицы `employees`
--
ALTER TABLE `employees`
  ADD CONSTRAINT `employees_ibfk_1` FOREIGN KEY (`id`) REFERENCES `users` (`id`),
  ADD CONSTRAINT `employees_ibfk_2` FOREIGN KEY (`employeesId`) REFERENCES `employee` (`employeesId`);

--
-- Ограничения внешнего ключа таблицы `otherwork`
--
ALTER TABLE `otherwork`
  ADD CONSTRAINT `otherwork_ibfk_1` FOREIGN KEY (`requestId`) REFERENCES `request` (`requestId`);

--
-- Ограничения внешнего ключа таблицы `request`
--
ALTER TABLE `request`
  ADD CONSTRAINT `request_ibfk_1` FOREIGN KEY (`id`) REFERENCES `users` (`id`),
  ADD CONSTRAINT `request_ibfk_2` FOREIGN KEY (`workId`) REFERENCES `work` (`workId`),
  ADD CONSTRAINT `request_ibfk_3` FOREIGN KEY (`payId`) REFERENCES `pay` (`payId`),
  ADD CONSTRAINT `request_ibfk_4` FOREIGN KEY (`statusId`) REFERENCES `status` (`statusId`);
COMMIT;

/*!40101 SET CHARACTER_SET_CLIENT=@OLD_CHARACTER_SET_CLIENT */;
/*!40101 SET CHARACTER_SET_RESULTS=@OLD_CHARACTER_SET_RESULTS */;
/*!40101 SET COLLATION_CONNECTION=@OLD_COLLATION_CONNECTION */;
